market_key,interval,timestamp,open,high,low,close,volume,buy_volume,sell_volume
binance:btcusdt_perp.a,1min,1779580800,108000.0,108017.08506637317,107970.49548804194,108005.48490743557,355.2451773112971,136.03683816361382,219.20833914768326
binance:btcusdt_perp.a,1min,1779580860,108005.48490743557,108028.76331146725,107963.49375578649,107982.33132986305,278.6559073996569,129.4926683204079,149.163239079249
binance:btcusdt_perp.a,1min,1779580920,107982.33132986305,108028.5093555516,107959.67102288744,107998.73143619731,370.1792965574426,207.18702944577902,162.9922671116636
binance:btcusdt_perp.a,1min,1779580980,107998.73143619731,108024.41894403813,107971.70850173019,107984.1196757219,350.2760241045818,190.5999853343136,159.67603877026818
binance:btcusdt_perp.a,1min,1779581040,107984.1196757219,107999.31038027786,107947.70571362968,107981.93112701642,267.63764143449583,143.5992323967132,124.03840903778263
binance:btcusdt_perp.a,1min,1779581100,107981.93112701642,108009.25421887195,107951.35927366583,107977.01371430948,313.01860892767905,188.65121482861605,124.367394099063
binance:btcusdt_perp.a,1min,1779581160,107977.01371430948,108035.20041723053,107960.13614160019,108017.26456739438,214.89818174016978,134.90232140423117,79.9958603359386
binance:btcusdt_perp.a,1min,1779581220,108017.26456739438,108060.42582576085,108003.666132164,108039.56530033739,214.04150274470084,137.63588985097385,76.40561289372698
binance:btcusdt_perp.a,1min,1779581280,108039.56530033739,108082.63016091909,108024.22039741027,108055.19861823603,298.5729058453376,186.11459968752368,112.4583061578139
binance:btcusdt_perp.a,1min,1779581340,108055.19861823603,108092.37667907476,108030.96266274828,108061.66239129528,334.31308504575156,211.21498956405463,123.09809548169693
binance:btcusdt_perp.a,1min,1779581400,108061.66239129528,108097.97621319516,108054.23394949384,108069.66333093678,254.42630269141588,155.16012432548678,99.26617836592912
binance:btcusdt_perp.a,1min,1779581460,108069.66333093678,108088.9119084245,108024.27675221248,108061.22616532483,210.73351074454052,148.64175078792178,62.09175995661874
binance:btcusdt_perp.a,1min,1779581520,108061.22616532483,108079.87731502498,108010.63155362464,108034.25908427569,326.89778650874223,228.14419396347722,98.75359254526501
binance:btcusdt_perp.a,1min,1779581580,108034.25908427569,108070.63435773186,108016.88260220234,108052.12160845434,348.6380705005723,226.7711896697137,121.86688083085863
binance:btcusdt_perp.a,1min,1779581640,108052.12160845434,108062.78873631431,108020.1891818031,108032.99465894309,319.7728595243011,216.11176512968558,103.66109439461553
binance:btcusdt_perp.a,1min,1779581700,108032.99465894309,108067.2345119482,108009.40926203232,108049.50703841157,330.04723151738693,215.42101385599364,114.6262176613933
binance:btcusdt_perp.a,1min,1779581760,108049.50703841157,108077.4364069838,108031.13757687721,108062.05566639447,249.46096848013366,150.19257966795408,99.26838881217958
binance:btcusdt_perp.a,1min,1779581820,108062.05566639447,108092.69133383517,108039.9307252072,108075.3853572372,318.4597327124727,223.47455726415654,94.98517544831616
binance:btcusdt_perp.a,1min,1779581880,108075.3853572372,108113.17331197664,108057.61834035764,108092.15816682174,273.6225431274881,156.89076087915518,116.7317822483329
binance:btcusdt_perp.a,1min,1779581940,108092.15816682174,108100.9311706982,108059.10406311095,108071.13159483494,311.9819381378749,192.9711862069662,119.01075193090873
binance:btcusdt_perp.a,1min,1779582000,108071.13159483494,108106.1238778128,108051.12793175026,108069.56529203965,339.0012454773669,208.02988736754088,130.97135810982604
binance:btcusdt_perp.a,1min,1779582060,108069.56529203965,108083.82030552912,108050.95562279866,108071.32052607823,347.22465099659166,194.94654753818057,152.2781034584111
binance:btcusdt_perp.a,1min,1779582120,108071.32052607823,108109.17614991005,108055.2620256352,108084.79879388673,164.31537164892364,109.0158253464209,55.29954630250275
binance:btcusdt_perp.a,1min,1779582180,108084.79879388673,108109.12555600028,108058.90636114878,108081.12488260401,408.1423113056733,260.18958577543344,147.95272553023986
binance:btcusdt_perp.a,1min,1779582240,108081.12488260401,108104.91763895357,108044.54976381827,108068.74973065799,388.7350060192349,269.56539781190213,119.16960820733274
binance:btcusdt_perp.a,1min,1779582300,108068.74973065799,108118.03737378237,108058.63736120122,108081.40434487017,228.8198773800202,132.26587167430824,96.55400570571194
binance:btcusdt_perp.a,1min,1779582360,108081.40434487017,108089.6374833946,108052.44237954241,108080.79388901056,262.22218423209813,140.17637685797285,122.04580737412527
binance:btcusdt_perp.a,1min,1779582420,108080.79388901056,108105.92902748506,108038.70533571306,108069.086601392,439.7384713353429,345.5582476274635,94.18022370787942
binance:btcusdt_perp.a,1min,1779582480,108069.086601392,108095.38235786912,108068.40706419932,108083.27773906944,301.41691698750685,165.62179718534085,135.795119802166
binance:btcusdt_perp.a,1min,1779582540,108083.27773906944,108099.15677107884,108062.09103163812,108082.68312277396,365.27841846301146,217.02078070683496,148.2576377561765
binance:btcusdt_perp.a,1min,1779582600,108082.68312277396,108098.49424218456,108077.429952221,108086.85077971283,241.09536727413354,136.7546826842458,104.34068458988773
binance:btcusdt_perp.a,1min,1779582660,108086.85077971283,108149.13165993216,108055.0233846026,108125.82891471744,240.05635211686783,116.31181465653455,123.74453746033328
binance:btcusdt_perp.a,1min,1779582720,108125.82891471744,108140.57665407208,108072.45069897642,108115.73539630078,214.2890656620491,126.56588725254826,87.72317840950083
binance:btcusdt_perp.a,1min,1779582780,108115.73539630078,108147.05112642952,108081.02568456053,108106.87519422159,267.46896818735274,139.68573546092074,127.78323272643202
binance:btcusdt_perp.a,1min,1779582840,108106.87519422159,108133.3359162364,108085.13581326594,108102.58597846254,181.95153889862013,78.63755773615075,103.31398116246937
binance:btcusdt_perp.a,1min,1779582900,108102.58597846254,108151.07535050048,108078.9860623268,108113.28443793638,270.5089339112094,137.98985307933327,132.51908083187612
binance:btcusdt_perp.a,1min,1779582960,108113.28443793638,108168.66340296448,108095.39371024472,108144.46957795083,368.5030968047911,185.29903433806294,183.20406246672815
binance:btcusdt_perp.a,1min,1779583020,108144.46957795083,108203.69807936196,108134.71426826804,108179.86573498974,170.5472640603468,95.5945628511902,74.9527012091566
binance:btcusdt_perp.a,1min,1779583080,108179.86573498974,108238.91462812868,108161.6976082011,108218.7098202615,396.9155433793762,150.7088803006148,246.20666307876138
binance:btcusdt_perp.a,1min,1779583140,108218.7098202615,108247.1430882084,108192.4244695519,108210.4784183233,279.5902506623943,117.82583050224204,161.76442016015224
binance:btcusdt_perp.a,1min,1779583200,108210.4784183233,108260.5488034258,108187.57256925428,108224.47398481266,331.51510346214866,97.43043392943252,234.08466953271613
binance:btcusdt_perp.a,1min,1779583260,108224.47398481266,108245.11941571577,108214.6621154169,108231.5517184187,209.74781064569993,80.37924169192904,129.36856895377088
binance:btcusdt_perp.a,1min,1779583320,108231.5517184187,108264.75399689656,108209.24540349277,108256.01792407395,241.26644533331373,89.4532994537258,151.81314587958792
binance:btcusdt_perp.a,1min,1779583380,108256.01792407395,108309.44379680595,108220.64394299952,108282.0626424359,267.63954566000797,90.12345855941652,177.51608710059145
binance:btcusdt_perp.a,1min,1779583440,108282.0626424359,108310.45815004583,108258.29690885136,108286.03318213312,193.24895422133068,72.07972456589218,121.1692296554385
binance:btcusdt_perp.a,1min,1779583500,108286.03318213312,108345.31074875161,108245.2647360203,108298.13600837627,211.7405319552944,72.09318365310574,139.64734830218865
binance:btcusdt_perp.a,1min,1779583560,108298.13600837627,108314.22893823663,108254.61724024915,108279.77329028505,376.4682896710587,114.94113523712495,261.52715443393373
binance:btcusdt_perp.a,1min,1779583620,108279.77329028505,108280.30039998767,108255.57889663469,108275.95223742924,195.00684705123496,60.42811456059175,134.5787324906432
binance:btcusdt_perp.a,1min,1779583680,108275.95223742924,108297.00961188672,108263.66381172667,108268.08652781311,162.63638036872075,75.34778882160744,87.28859154711331
binance:btcusdt_perp.a,1min,1779583740,108268.08652781311,108279.11867202856,108212.41567364195,108252.78480892516,512.4053735392325,133.47705558081088,378.92831795842164
binance:btcusdt_perp.a,1min,1779583800,108252.78480892516,108279.38783436576,108213.49783248111,108253.97227885635,201.051433725741,62.87200893644657,138.17942478929442
binance:btcusdt_perp.a,1min,1779583860,108253.97227885635,108302.06206243606,108235.73383956865,108275.7144016914,269.2941628387167,65.44164445288024,203.85251838583648
binance:btcusdt_perp.a,1min,1779583920,108275.7144016914,108298.4376569656,108251.39270279513,108279.10153186569,235.57382249447872,83.23098640843051,152.3428360860482
binance:btcusdt_perp.a,1min,1779583980,108279.10153186569,108328.47339097543,108253.5839677817,108304.91909769874,284.2524278062294,92.6615903394767,191.59083746675267
binance:btcusdt_perp.a,1min,1779584040,108304.91909769874,108330.08404031547,108278.39734532649,108299.42447934236,447.4534647144476,189.17254641638613,258.28091829806147
binance:btcusdt_perp.a,1min,1779584100,108299.42447934236,108328.12775964814,108288.54859406219,108313.75833174509,375.29143624710923,130.58385821740603,244.7075780297032
binance:btcusdt_perp.a,1min,1779584160,108313.75833174509,108334.229432551,108282.48394692951,108329.67529242074,316.353627057149,85.65652953180853,230.6970975253405
binance:btcusdt_perp.a,1min,1779584220,108329.67529242074,108354.31246446431,108305.8140447166,108328.33871270016,256.6263051357156,86.6681027141743,169.9582024215413
binance:btcusdt_perp.a,1min,1779584280,108328.33871270016,108354.34697919176,108291.62379297023,108330.82135407074,74.6673247254962,25.204014823455275,49.463309902040926
binance:btcusdt_perp.a,1min,1779584340,108330.82135407074,108365.83516821756,108312.54049988395,108340.87522832068,139.4622574017134,53.065009606734534,86.39724779497887
binance:btcusdt_perp.a,1min,1779584400,108340.87522832068,108385.35521497283,108310.23694818371,108378.693829022,253.7179821501685,93.201602492831,160.5163796573375
binance:btcusdt_perp.a,1min,1779584460,108378.693829022,108397.34926729844,108331.30857436145,108366.30902030844,326.61241935901654,158.80936859017186,167.80305076884468
binance:btcusdt_perp.a,1min,1779584520,108366.30902030844,108420.29335736115,108326.86967504676,108393.90249057185,315.1194526990639,139.98078504958005,175.13866764948386
binance:btcusdt_perp.a,1min,1779584580,108393.90249057185,108417.45425714193,108378.87672880485,108394.78879898334,359.16671476758825,121.02158842477432,238.1451263428139
binance:btcusdt_perp.a,1min,1779584640,108394.78879898334,108435.00577078166,108361.07632804867,108414.91228135671,340.0695190985008,180.49673762795248,159.5727814705483
binance:btcusdt_perp.a,1min,1779584700,108414.91228135671,108440.19588532239,108393.5818130857,108433.91628787892,186.23942459241474,75.41821562350594,110.82120896890879
binance:btcusdt_perp.a,1min,1779584760,108433.91628787892,108495.14522471967,108418.90559216471,108466.7698866107,198.9026106847681,90.11664936372047,108.78596132104762
binance:btcusdt_perp.a,1min,1779584820,108466.7698866107,108482.05848383674,108425.19741322713,108450.31750794264,372.4249628885357,187.36115109316196,185.0638117953737
binance:btcusdt_perp.a,1min,1779584880,108450.31750794264,108475.36117523295,108391.5869368516,108414.30727258393,313.11122282981546,181.3739647236124,131.73725810620306
binance:btcusdt_perp.a,1min,1779584940,108414.30727258393,108430.39623833202,108354.27349394021,108382.18255716815,153.4724480436846,90.04640143123915,63.42604661244546
binance:btcusdt_perp.a,1min,1779585000,108382.18255716815,108424.06659320803,108365.89199378337,108393.6007533496,345.10109519729684,199.5278062186082,145.57328897868865
binance:btcusdt_perp.a,1min,1779585060,108393.6007533496,108426.69244116847,108368.89732095678,108402.34843224149,210.93237882084946,109.89360887081092,101.03876995003854
binance:btcusdt_perp.a,1min,1779585120,108402.34843224149,108429.7551267601,108370.35018977239,108403.92118811655,195.31711344172726,105.05564710526639,90.26146633646087
binance:btcusdt_perp.a,1min,1779585180,108403.92118811655,108449.2264468017,108390.14368828946,108434.66232908981,296.1844953464955,181.0257155196227,115.1587798268728
binance:btcusdt_perp.a,1min,1779585240,108434.66232908981,108473.98412768936,108404.09438926415,108438.69452178499,347.34560535120494,211.33650769391787,136.00909765728707
binance:btcusdt_perp.a,1min,1779585300,108438.69452178499,108504.11388672606,108436.72974470565,108484.16550361471,408.3403489213713,229.389148144654,178.9512007767173
binance:btcusdt_perp.a,1min,1779585360,108484.16550361471,108524.51822961158,108478.1880990253,108489.42272276297,179.86822287150886,91.09315100998369,88.77507186152518
binance:btcusdt_perp.a,1min,1779585420,108489.42272276297,108515.81908882315,108450.9396790508,108478.18155747894,302.1019343462843,160.17647019969596,141.92546414658833
binance:btcusdt_perp.a,1min,1779585480,108478.18155747894,108500.72509333285,108422.1047665927,108439.38700625632,316.75086173732893,211.77724788033635,104.9736138569926
binance:btcusdt_perp.a,1min,1779585540,108439.38700625632,108473.99446135896,108415.09489251518,108444.39313050521,322.40517644811734,191.71919477417063,130.6859816739467
binance:btcusdt_perp.a,1min,1779585600,108444.39313050521,108468.36089147178,108413.19987549818,108443.40516025235,248.50070622203424,168.3668289721167,80.13387724991752
binance:btcusdt_perp.a,1min,1779585660,108443.40516025235,108464.22973857907,108410.29430023709,108440.58949065732,120.55517031566754,69.51108227362855,51.04408804203899
binance:btcusdt_perp.a,1min,1779585720,108440.58949065732,108441.92565185581,108400.38410826834,108415.60146386678,339.9547119782192,218.97537800077006,120.97933397744916
binance:btcusdt_perp.a,1min,1779585780,108415.60146386678,108453.46489532194,108380.3246025441,108420.57272035483,274.46896522190883,205.2896057283016,69.17935949360722
binance:btcusdt_perp.a,1min,1779585840,108420.57272035483,108436.98597803284,108404.51672387682,108423.35996027112,161.5570789947987,99.77514897197231,61.78193002282639
binance:btcusdt_perp.a,1min,1779585900,108423.35996027112,108453.3958104649,108378.55340684297,108417.76110515463,169.4254787698368,118.11780214686978,51.30767662296701
binance:btcusdt_perp.a,1min,1779585960,108417.76110515463,108444.50807603926,108378.90303297041,108399.59216646354,133.52753393219757,97.55330539497719,35.974228537220384
binance:btcusdt_perp.a,1min,1779586020,108399.59216646354,108416.2531640798,108377.67522160786,108388.97769749496,227.65733786499555,159.4529645527192,68.20437331227635
binance:btcusdt_perp.a,1min,1779586080,108388.97769749496,108414.2643175178,108359.94196490738,108385.56118344667,385.65293244225336,251.66573624733107,133.9871961949223
binance:btcusdt_perp.a,1min,1779586140,108385.56118344667,108418.2334076124,108339.99686168112,108358.68197996015,369.1673955661902,255.8750094892535,113.29238607693667
binance:btcusdt_perp.a,1min,1779586200,108358.68197996015,108384.16973890061,108314.23034636845,108355.74047196971,446.15844232430027,298.8559197351363,147.30252258916397
binance:btcusdt_perp.a,1min,1779586260,108355.74047196971,108390.52074314785,108342.19708229738,108357.75834157318,306.6456298094604,201.8734583821335,104.7721714273269
binance:btcusdt_perp.a,1min,1779586320,108357.75834157318,108375.92601552888,108351.65401650626,108362.25970358837,114.16132512069666,66.86619801373215,47.295127106964514
binance:btcusdt_perp.a,1min,1779586380,108362.25970358837,108381.32778772188,108311.20029171662,108352.57260334092,368.4794695925839,216.1694131603179,152.31005643226598
binance:btcusdt_perp.a,1min,1779586440,108352.57260334092,108375.04949366662,108333.41624172132,108357.12027603012,294.82605195323055,198.10957433380005,96.71647761943049
binance:btcusdt_perp.a,1min,1779586500,108357.12027603012,108389.75879135747,108338.44397405766,108349.02459179625,280.5071249889815,218.7890434872292,61.718081501752295
binance:btcusdt_perp.a,1min,1779586560,108349.02459179625,108387.1077253969,108326.10939001452,108350.77558033084,326.46216762638375,198.81442688049043,127.64774074589333
binance:btcusdt_perp.a,1min,1779586620,108350.77558033084,108364.98075636358,108318.86825615699,108345.17126974657,211.87702486513857,135.53732939175217,76.3396954733864
binance:btcusdt_perp.a,1min,1779586680,108345.17126974657,108387.56548407747,108326.03375708213,108361.90017000509,316.3172463446957,179.59792089474237,136.71932544995335
binance:btcusdt_perp.a,1min,1779586740,108361.90017000509,108379.35397894183,108343.25624368628,108375.66803978398,120.73504039008017,58.24464625485696,62.49039413522321
binance:btcusdt_perp.a,1min,1779586800,108375.66803978398,108427.83563652632,108360.86284211683,108396.8837867066,159.79972351672825,60.640142906007064,99.15958061072118
binance:btcusdt_perp.a,1min,1779586860,108396.8837867066,108443.08793682908,108357.16070871039,108383.50955142503,235.23421711604084,134.08484570886893,101.1493714071719
binance:btcusdt_perp.a,1min,1779586920,108383.50955142503,108402.53631779805,108328.57324755093,108351.56802228109,273.1119478543161,156.75392048931826,116.35802736499782
binance:btcusdt_perp.a,1min,1779586980,108351.56802228109,108382.36255798877,108336.4517451034,108353.6792978077,351.82523267284387,214.06079098386672,137.76444168897714
binance:btcusdt_perp.a,1min,1779587040,108353.6792978077,108366.80234125056,108296.52358405429,108331.8814274175,264.69248106439517,153.26243663176206,111.43004443263311
binance:btcusdt_perp.a,1min,1779587100,108331.8814274175,108368.43188318021,108296.02843588544,108319.3432940535,300.65830586581563,172.22185776120898,128.43644810460665
binance:btcusdt_perp.a,1min,1779587160,108319.3432940535,108331.93207309424,108290.51309711485,108308.02745503456,316.18671605145107,116.76858334763591,199.41813270381516
binance:btcusdt_perp.a,1min,1779587220,108308.02745503456,108331.08489466817,108274.54932842722,108314.47260784435,88.45917560796227,35.44321157818628,53.015964029775986
binance:btcusdt_perp.a,1min,1779587280,108314.47260784435,108328.21031318071,108254.39125993164,108278.86791894273,265.6618699640196,110.9706330608136,154.691236903206
binance:btcusdt_perp.a,1min,1779587340,108278.86791894273,108302.90180134894,108258.62744425691,108270.54208383748,336.54797127192404,154.23316476840978,182.31480650351426
binance:btcusdt_perp.a,1min,1779587400,108270.54208383748,108299.37231267404,108245.5779038294,108271.80697824652,442.8058642184854,176.93222935028285,265.87363486820254
binance:btcusdt_perp.a,1min,1779587460,108271.80697824652,108286.27170244294,108248.73826350801,108260.41563680224,180.44225699191398,61.08531821203506,119.35693877987892
binance:btcusdt_perp.a,1min,1779587520,108260.41563680224,108285.75858808722,108230.57754938451,108253.08896997003,218.75717780562297,94.90250449277323,123.85467331284974
binance:btcusdt_perp.a,1min,1779587580,108253.08896997003,108280.56464024019,108237.61813141668,108260.1611233144,323.87423366638393,123.08563954978861,200.78859411659533
binance:btcusdt_perp.a,1min,1779587640,108260.1611233144,108281.48132075457,108203.0622998346,108227.68265795533,208.0244170809797,77.00769682664966,131.01672025433004
binance:btcusdt_perp.a,1min,1779587700,108227.68265795533,108263.04451895546,108160.43745667285,108194.91695652345,259.7986132557628,96.59335523171795,163.20525802404484
binance:btcusdt_perp.a,1min,1779587760,108194.91695652345,108205.3534799208,108125.73892219365,108144.80113299213,194.22935828585128,74.83553491658635,119.39382336926492
binance:btcusdt_perp.a,1min,1779587820,108144.80113299213,108184.09935624457,108131.17576703298,108173.86550343886,298.8358694647944,129.3470461220163,169.48882334277812
binance:btcusdt_perp.a,1min,1779587880,108173.86550343886,108198.35586466193,108104.62185470163,108144.83484320977,147.85926814565863,37.61494008219105,110.24432806346758
binance:btcusdt_perp.a,1min,1779587940,108144.83484320977,108161.62895908122,108099.92399655012,108130.05000942765,299.33277758566703,66.22693438866007,233.10584319700695
binance:btcusdt_perp.a,1min,1779588000,108130.05000942765,108148.26923225181,108095.30553725823,108132.04462112537,229.7929970850464,66.05563325379805,163.73736383124836
binance:btcusdt_perp.a,1min,1779588060,108132.04462112537,108164.01790696727,108105.56362748602,108134.38864214391,145.15221460921535,51.86053194714131,93.29168266207404
binance:btcusdt_perp.a,1min,1779588120,108134.38864214391,108158.74140325979,108100.50795428493,108108.27060993094,315.7057718034451,87.57637920806604,228.12939259537904
binance:btcusdt_perp.a,1min,1779588180,108108.27060993094,108137.40881129577,108053.171680351,108077.58812556777,230.88185588856823,95.83838002608546,135.04347586248275
binance:btcusdt_perp.a,1min,1779588240,108077.58812556777,108099.90920230748,108037.28730001628,108061.97643449306,230.42672526971091,82.94128628181576,147.48543898789515
binance:btcusdt_perp.a,1min,1779588300,108061.97643449306,108079.8600512709,108008.99282634186,108044.61925273988,196.75311579900534,37.76746181610032,158.98565398290503
binance:btcusdt_perp.a,1min,1779588360,108044.61925273988,108113.28915723485,108026.67194539438,108065.79587770878,125.05295675038519,40.57742430637834,84.47553244400686
binance:btcusdt_perp.a,1min,1779588420,108065.79587770878,108085.89663929856,108041.90227638936,108052.76839597014,326.3648913981182,124.75875619441229,201.6061352037059
binance:btcusdt_perp.a,1min,1779588480,108052.76839597014,108081.76036328709,107975.42159282517,108017.94844264463,293.75682659496476,99.72347194991656,194.0333546450482
binance:btcusdt_perp.a,1min,1779588540,108017.94844264463,108046.10101031432,108002.74336694319,108007.43665088812,293.1512562381842,101.5373472507475,191.6139089874367
binance:btcusdt_perp.a,1min,1779588600,108007.43665088812,108052.97510469888,107968.75777477692,108032.71683203694,191.70074417743942,79.78218424131614,111.91855993612327
binance:btcusdt_perp.a,1min,1779588660,108032.71683203694,108046.0263595583,108006.69664971011,108030.47061085649,377.001506946528,187.9931293230868,189.00837762344122
binance:btcusdt_perp.a,1min,1779588720,108030.47061085649,108052.29498259172,107979.03952850975,107992.01529756183,252.6127249068894,132.92594582536896,119.68677908152047
binance:btcusdt_perp.a,1min,1779588780,107992.01529756183,107997.85871416861,107926.49854700649,107953.31921536174,238.18250430642559,93.13157299680378,145.0509313096218
binance:btcusdt_perp.a,1min,1779588840,107953.31921536174,107984.19160234083,107938.45796360211,107959.46790478808,174.65358311534067,106.45104842218807,68.2025346931526
binance:btcusdt_perp.a,1min,1779588900,107959.46790478808,108005.29392761491,107931.60184143412,107957.80372742137,311.0162513009612,175.51644072035504,135.49981058060615
binance:btcusdt_perp.a,1min,1779588960,107957.80372742137,107992.84021353269,107923.28647733571,107964.58936152021,238.2941665090172,134.31202712649483,103.98213938252238
binance:btcusdt_perp.a,1min,1779589020,107964.58936152021,107994.49737873199,107911.11168188046,107948.09542628343,243.29276054805595,141.10613550693077,102.18662504112518
binance:btcusdt_perp.a,1min,1779589080,107948.09542628343,107967.6378112833,107914.41449226976,107945.93502880116,99.85781675047627,57.092473683519934,42.76534306695634
binance:btcusdt_perp.a,1min,1779589140,107945.93502880116,107947.13858892502,107911.74038787645,107924.10400343276,206.78751073232593,129.27786522990482,77.50964550242111
binance:btcusdt_perp.a,1min,1779589200,107924.10400343276,107956.01538877343,107912.41214063547,107936.46599528534,275.4436367029177,197.21404807616148,78.2295886267562
binance:btcusdt_perp.a,1min,1779589260,107936.46599528534,107949.36024644613,107883.72777386656,107911.3132634593,262.277110741536,185.5484167835195,76.72869395801646
binance:btcusdt_perp.a,1min,1779589320,107911.3132634593,107940.3298999402,107891.92852459279,107903.57774345238,279.0332279369386,187.27801269956527,91.75521523737333
binance:btcusdt_perp.a,1min,1779589380,107903.57774345238,107909.94296397369,107845.4494864926,107874.30697684534,251.92380942256176,160.52394040754373,91.39986901501803
binance:btcusdt_perp.a,1min,1779589440,107874.30697684534,107907.58716541884,107864.49821363256,107865.30559208628,160.2689048077339,105.33981335562864,54.929091452105254
binance:btcusdt_perp.a,1min,1779589500,107865.30559208628,107909.28635588333,107835.63241968167,107884.46048605414,188.78712646990155,124.38420156586356,64.40292490403799
binance:btcusdt_perp.a,1min,1779589560,107884.46048605414,107908.09050313516,107856.9730978655,107885.5077598258,264.98632072572383,200.1376116220546,64.84870910366922
binance:btcusdt_perp.a,1min,1779589620,107885.5077598258,107915.28543371665,107851.41234458725,107881.48242740669,150.4102404486584,92.5575531597399,57.85268728891852
binance:btcusdt_perp.a,1min,1779589680,107881.48242740669,107926.67028043768,107869.68865760183,107892.79302950506,131.21316747634972,100.6048596774391,30.608307798910637
binance:btcusdt_perp.a,1min,1779589740,107892.79302950506,107942.96248018944,107865.63005378404,107902.9865349651,250.2626642731444,179.35320197214503,70.90946230099935
binance:btcusdt_perp.a,1min,1779589800,107902.9865349651,107921.99388792625,107884.94935557929,107896.798676522,443.9004520690629,393.1269434936265,50.77350857543641
binance:btcusdt_perp.a,1min,1779589860,107896.798676522,107923.82082279789,107866.24848327902,107911.02932677598,331.17011275983214,268.92876313539256,62.24134962443959
binance:btcusdt_perp.a,1min,1779589920,107911.02932677598,107955.84247317229,107881.62918441294,107927.48876174368,330.9525026697768,268.60749322443365,62.34500944534312
binance:btcusdt_perp.a,1min,1779589980,107927.48876174368,107950.32497251779,107873.10252366817,107889.54060407968,177.61272338879837,159.20797074313654,18.40475264566183
binance:btcusdt_perp.a,1min,1779590040,107889.54060407968,107950.61040361402,107864.98846991113,107915.01819761106,388.05000967621254,310.08279920205916,77.96721047415335
binance:btcusdt_perp.a,1min,1779590100,107915.01819761106,107926.08348390645,107887.26034629613,107913.23025934112,284.8308742739534,205.549247133901,79.2816271400524
binance:btcusdt_perp.a,1min,1779590160,107913.23025934112,107934.43296370255,107867.10777961447,107907.08339128092,351.5370662810727,281.4097467521609,70.12731952891181
binance:btcusdt_perp.a,1min,1779590220,107907.08339128092,107929.52551506196,107886.58501610505,107906.55587625709,193.40582420893705,152.66128910566113,40.74453510327592
binance:btcusdt_perp.a,1min,1779590280,107906.55587625709,107916.05272086785,107861.23422046457,107888.34643861004,311.3011727946588,214.27761324631774,97.02355954834104
binance:btcusdt_perp.a,1min,1779590340,107888.34643861004,107920.30345246904,107848.99832216045,107881.59055954941,362.0669474308191,287.3344214704476,74.7325259603715
binance:btcusdt_perp.a,1min,1779590400,107881.59055954941,107892.75357127583,107836.62405229137,107862.07010133888,310.342402749213,267.78056414748164,42.56183860173135
binance:btcusdt_perp.a,1min,1779590460,107862.07010133888,107898.48121585973,107852.51216012749,107877.80350242504,254.47147223912816,201.4595087740026,53.01196346512556
binance:btcusdt_perp.a,1min,1779590520,107877.80350242504,107894.02456134427,107845.81951889537,107870.34836704507,239.68338068715116,175.62089138503472,64.06248930211642
binance:btcusdt_perp.a,1min,1779590580,107870.34836704507,107890.37041987265,107845.90732315528,107872.39034567394,301.8563218281698,209.06500625124136,92.79131557692845
binance:btcusdt_perp.a,1min,1779590640,107872.39034567394,107908.7681150731,107850.04263841252,107860.42184328518,110.66764408235753,70.68221144388428,39.985432638473235
binance:btcusdt_perp.a,1min,1779590700,107860.42184328518,107882.7310160655,107837.0779955434,107857.90188698914,377.13518631428013,218.14642123871897,158.98876507556116
binance:btcusdt_perp.a,1min,1779590760,107857.90188698914,107899.8652523952,107847.17969463806,107862.25087037717,249.6154790568084,170.01001445717458,79.60546459963383
binance:btcusdt_perp.a,1min,1779590820,107862.25087037717,107880.98825032695,107807.36961411114,107843.64446694798,426.9909340390016,295.78911679527016,131.20181724373145
binance:btcusdt_perp.a,1min,1779590880,107843.64446694798,107898.0559915854,107804.10755668097,107875.70022681555,272.5361080277207,192.58702500306066,79.94908302466001
binance:btcusdt_perp.a,1min,1779590940,107875.70022681555,107934.10768162091,107845.1873710671,107880.31914482724,223.4188376038829,165.82446098392217,57.594376619960755
binance:btcusdt_perp.a,1min,1779591000,107880.31914482724,107897.42164299823,107841.03872380745,107872.12473740637,282.4868470216922,158.35916514764227,124.12768187404993
binance:btcusdt_perp.a,1min,1779591060,107872.12473740637,107897.49056867242,107844.7257358574,107870.97539483177,125.04264538356676,71.06278284866453,53.97986253490224
binance:btcusdt_perp.a,1min,1779591120,107870.97539483177,107878.55240347618,107830.76421322793,107852.18010078934,286.71848026515636,135.01827342693457,151.7002068382218
binance:btcusdt_perp.a,1min,1779591180,107852.18010078934,107874.88153723427,107834.24953827706,107866.30328889798,233.21006920535996,115.16515328057542,118.04491592478453
binance:btcusdt_perp.a,1min,1779591240,107866.30328889798,107882.69315578138,107837.06046212342,107870.77208527761,285.040189466776,104.67645107073466,180.36373839604133
binance:btcusdt_perp.a,1min,1779591300,107870.77208527761,107892.64889234831,107815.46167879594,107835.25200561808,271.7263909140293,125.90728675620032,145.81910415782897
binance:btcusdt_perp.a,1min,1779591360,107835.25200561808,107870.80881063445,107824.36305462726,107839.33231453598,186.24227256793642,71.52028969150592,114.7219828764305
binance:btcusdt_perp.a,1min,1779591420,107839.33231453598,107879.28815987414,107821.64570891837,107844.83868608768,79.86401246722764,26.54447243568852,53.31954003153912
binance:btcusdt_perp.a,1min,1779591480,107844.83868608768,107861.26139721273,107812.51903252772,107830.43514625517,283.08648983847337,113.64202809795427,169.4444617405191
binance:btcusdt_perp.a,1min,1779591540,107830.43514625517,107865.43870310015,107817.05832584992,107850.19887615697,318.31004308163693,100.01256716927263,218.2974759123643
binance:btcusdt_perp.a,1min,1779591600,107850.19887615697,107881.39785459661,107829.67330105614,107858.37232275934,407.062088571941,144.90241895919098,262.15966961275
binance:btcusdt_perp.a,1min,1779591660,107858.37232275934,107916.64427208374,107849.14248720904,107896.89858657602,285.593566479586,90.41230784351221,195.18125863607378
binance:btcusdt_perp.a,1min,1779591720,107896.89858657602,107922.86891957617,107857.53212033358,107885.08794122007,230.22658397965935,98.8190530043035,131.40753097535585
binance:btcusdt_perp.a,1min,1779591780,107885.08794122007,107944.28492662364,107857.79380714882,107907.92190905802,389.0742969668559,96.11541212504734,292.9588848418086
binance:btcusdt_perp.a,1min,1779591840,107907.92190905802,107921.25185649478,107881.28147979907,107904.47373841035,234.284062464261,79.88498644521616,154.39907601904486
binance:btcusdt_perp.a,1min,1779591900,107904.47373841035,107961.20225416186,107878.33581523845,107940.89945212606,261.4184536060612,90.91572403907568,170.5027295669855
binance:btcusdt_perp.a,1min,1779591960,107940.89945212606,107970.30672972456,107907.24637677059,107943.82348906483,411.79151980826634,146.35027866817057,265.44124114009577
binance:btcusdt_perp.a,1min,1779592020,107943.82348906483,107968.00800431227,107922.70225648899,107957.51664940413,355.2231571906871,136.30394125472702,218.9192159359601
binance:btcusdt_perp.a,1min,1779592080,107957.51664940413,107995.53253044776,107930.6089823142,107964.66859085207,376.02450066074573,129.89396510971244,246.1305355510333
binance:btcusdt_perp.a,1min,1779592140,107964.66859085207,107990.0270034214,107954.5604300035,107961.86637376204,310.63085891080397,33.211682268235165,277.4191766425688
binance:btcusdt_perp.a,1min,1779592200,107961.86637376204,107988.38405977144,107907.92188618056,107934.69717955323,187.00569758880556,52.78741880046055,134.218278788345
binance:btcusdt_perp.a,1min,1779592260,107934.69717955323,107980.6276434852,107890.2679764292,107963.46794480093,279.8464117458923,97.9776283384077,181.86878340748459
binance:btcusdt_perp.a,1min,1779592320,107963.46794480093,108020.22563257025,107951.49138460784,107996.91536140832,271.2218038644568,88.29902716039746,182.92277670405932
binance:btcusdt_perp.a,1min,1779592380,107996.91536140832,108016.35704069491,107962.35272020884,107976.93079926887,353.9486205749947,117.95813980918405,235.99048076581067
binance:btcusdt_perp.a,1min,1779592440,107976.93079926887,107997.86897996264,107952.42131114578,107976.65253132985,329.3451359751824,90.92826834393114,238.41686763125128
binance:btcusdt_perp.a,1min,1779592500,107976.65253132985,108009.69932348387,107945.06450898224,107962.94114026018,166.6526325922501,61.48440814675766,105.16822444549243
binance:btcusdt_perp.a,1min,1779592560,107962.94114026018,107983.23053698595,107938.64632310555,107976.53768955852,338.8466473942699,126.1567435217057,212.68990387256417
binance:btcusdt_perp.a,1min,1779592620,107976.53768955852,108001.33856131497,107951.22728800857,107993.38125229588,255.79041924236427,84.32436658305392,171.46605265931035
binance:btcusdt_perp.a,1min,1779592680,107993.38125229588,108051.51692402583,107953.43755174987,108014.72417891909,385.1846297204724,139.43420935290672,245.75042036756568
binance:btcusdt_perp.a,1min,1779592740,108014.72417891909,108056.6120907436,107991.5123994261,108026.94386202576,290.46113503292355,124.61819345048055,165.842941582443
binance:btcusdt_perp.a,1min,1779592800,108026.94386202576,108046.64493235669,108009.08859268411,108031.93780172043,330.71283021869937,129.5791203457216,201.13370987297776
binance:btcusdt_perp.a,1min,1779592860,108031.93780172043,108073.00597811968,108013.68621634941,108044.30518569765,340.4998530903845,145.49254799545906,195.0073050949254
binance:btcusdt_perp.a,1min,1779592920,108044.30518569765,108080.72823360951,108011.50421610022,108028.49676866265,147.5923725451853,52.479211035157284,95.11316151002802
binance:btcusdt_perp.a,1min,1779592980,108028.49676866265,108051.01850184922,107997.44110785799,108016.70260280253,253.05344258875257,118.89437494889555,134.15906763985703
binance:btcusdt_perp.a,1min,1779593040,108016.70260280253,108054.72351565344,107990.60431822925,108029.563036947,329.29077344017907,105.74235244582036,223.5484209943587
binance:btcusdt_perp.a,1min,1779593100,108029.563036947,108030.09315657523,108007.20243767902,108029.89525722012,279.62936222205235,147.00262767356608,132.62673454848627
binance:btcusdt_perp.a,1min,1779593160,108029.89525722012,108082.33317673564,108012.8988679941,108058.30542625312,318.81288900365905,142.5025626399272,176.31032636373186
binance:btcusdt_perp.a,1min,1779593220,108058.30542625312,108097.30614342,108041.88313971301,108065.4447802504,344.4542911394001,184.33626902222457,160.1180221171755
binance:btcusdt_perp.a,1min,1779593280,108065.4447802504,108097.18372153258,108026.55982024911,108055.54548370282,288.15407098981257,133.89743443040638,154.2566365594062
binance:btcusdt_perp.a,1min,1779593340,108055.54548370282,108072.1688579338,108020.05402773479,108047.47997236771,203.54998660788817,112.45714324823706,91.09284335965111
binance:btcusdt_perp.a,1min,1779593400,108047.47997236771,108067.43928652332,108009.53589511637,108032.6323726621,475.61041160471336,218.39506904621646,257.2153425584969
binance:btcusdt_perp.a,1min,1779593460,108032.6323726621,108090.22529121695,108006.52065348194,108066.72686707707,289.46783307105636,168.98134229154667,120.4864907795097
binance:btcusdt_perp.a,1min,1779593520,108066.72686707707,108108.18381104257,108049.29157851932,108071.643309228,370.5787657743398,197.59350374601823,172.98526202832156
binance:btcusdt_perp.a,1min,1779593580,108071.643309228,108089.59666789554,108045.09307202454,108078.31629341845,395.6100765541227,230.01250183736627,165.59757471675644
binance:btcusdt_perp.a,1min,1779593640,108078.31629341845,108093.44854829204,108058.60921995397,108082.59471792272,152.57645922227778,83.11742643789862,69.45903278437916
binance:btcusdt_perp.a,1min,1779593700,108082.59471792272,108129.74423901777,108032.50260931042,108094.55410704036,233.07319319432793,162.7564557567879,70.31673743754006
binance:btcusdt_perp.a,1min,1779593760,108094.55410704036,108127.35124228208,108068.2281625231,108106.86371874955,284.9533186943967,179.6749586378894,105.27836005650732
binance:btcusdt_perp.a,1min,1779593820,108106.86371874955,108115.48941545357,108100.29997077477,108107.47051205156,332.25959066249817,205.3438588758525,126.91573178664567
binance:btcusdt_perp.a,1min,1779593880,108107.47051205156,108129.55556831878,108074.77295484398,108104.72227737313,294.4291154421119,178.08710837571323,116.34200706639866
binance:btcusdt_perp.a,1min,1779593940,108104.72227737313,108172.58316717143,108077.7767108199,108134.7913121416,357.8930809075272,260.23837831709733,97.65470259042984
binance:btcusdt_perp.a,1min,1779594000,108134.7913121416,108191.27405163473,108106.80784167086,108163.1330598636,321.5728458677202,190.9902034205755,130.5826424471447
binance:btcusdt_perp.a,1min,1779594060,108163.1330598636,108192.18189251635,108149.07905441485,108183.74003222762,384.28520542464696,275.1490415121142,109.13616391253274
binance:btcusdt_perp.a,1min,1779594120,108183.74003222762,108237.77421337136,108173.26252064039,108218.49095720824,260.76502423437256,176.32065736258076,84.4443668717918
binance:btcusdt_perp.a,1min,1779594180,108218.49095720824,108261.20094025461,108200.10366145827,108227.86413546704,308.16275774423394,189.14380847023995,119.01894927399398
binance:btcusdt_perp.a,1min,1779594240,108227.86413546704,108265.91579794668,108213.36226884989,108243.88471244482,261.13365102601176,173.30606622390917,87.82758480210258
binance:btcusdt_perp.a,1min,1779594300,108243.88471244482,108286.60358870144,108222.8691724679,108246.89017627877,260.48831118581296,143.0212764873042,117.46703469850878
binance:btcusdt_perp.a,1min,1779594360,108246.89017627877,108266.2594420342,108223.46458208164,108238.60605531988,390.53660747022377,259.21324178387925,131.32336568634452
binance:btcusdt_perp.a,1min,1779594420,108238.60605531988,108292.16010200857,108216.23377695566,108269.54305566807,272.8962841829999,183.1572872263468,89.73899695665312
binance:btcusdt_perp.a,1min,1779594480,108269.54305566807,108309.34599155321,108267.55851311245,108308.1498842857,236.5463335155109,157.94048675299865,78.60584676251223
binance:btcusdt_perp.a,1min,1779594540,108308.1498842857,108354.88488894267,108289.9923434145,108328.1540169624,361.523495459341,261.43388256393683,100.08961289540417
binance:btcusdt_perp.a,1min,1779594600,108328.1540169624,108370.57995093617,108303.42756432809,108338.9533752113,235.0813578573693,163.70619601383572,71.37516184353359
binance:btcusdt_perp.a,1min,1779594660,108338.9533752113,108370.33864356719,108302.22383948941,108348.32524509964,83.93022971679306,34.52500940566809,49.40522031112498
binance:btcusdt_perp.a,1min,1779594720,108348.32524509964,108366.69263862395,108314.76999587232,108334.22391417467,159.4139481781562,68.22897451043507,91.18497366772114
binance:btcusdt_perp.a,1min,1779594780,108334.22391417467,108380.79815509543,108285.85311750998,108325.87053698745,247.06004658522806,112.37635751843106,134.683689066797
binance:btcusdt_perp.a,1min,1779594840,108325.87053698745,108328.7892328552,108291.36216776863,108312.19336590455,200.17184134047795,92.09775088408823,108.07409045638973
binance:btcusdt_perp.a,1min,1779594900,108312.19336590455,108326.57362132144,108266.76967991129,108290.25595086432,309.29676782271497,147.78092741888094,161.51584040383403
binance:btcusdt_perp.a,1min,1779594960,108290.25595086432,108320.80280816567,108259.20458864175,108273.20247167573,330.62863316858454,145.08814022253648,185.54049294604806
binance:btcusdt_perp.a,1min,1779595020,108273.20247167573,108292.04049462992,108229.3296495296,108254.98328695023,329.03723043796793,137.20209695789887,191.83513348006906
binance:btcusdt_perp.a,1min,1779595080,108254.98328695023,108321.0183115919,108235.54982811422,108288.94320388204,340.0097449709556,179.1241489439365,160.8855960270191
binance:btcusdt_perp.a,1min,1779595140,108288.94320388204,108340.16378447031,108276.20853499361,108330.44378327853,398.79350293870806,132.4582133992832,266.3352895394248
binance:btcusdt_perp.a,1min,1779595200,108330.44378327853,108347.58184197154,108286.46366960405,108312.6659366988,271.8082634711123,92.70962944285915,179.09863402825314
binance:btcusdt_perp.a,1min,1779595260,108312.6659366988,108327.54256605468,108293.1614519081,108306.36635562152,462.5306301820849,176.7767303436426,285.7538998384423
binance:btcusdt_perp.a,1min,1779595320,108306.36635562152,108345.07439317105,108286.22592239338,108327.96516785224,222.9156814903716,42.208754548650646,180.70692694172095
binance:btcusdt_perp.a,1min,1779595380,108327.96516785224,108331.85898105243,108308.09402888142,108308.59186666094,184.37128205615178,75.97354116972056,108.39774088643122
binance:btcusdt_perp.a,1min,1779595440,108308.59186666094,108347.9153092095,108282.48204089193,108313.00967158627,342.60470605721275,90.02994171288378,252.57476434432897
binance:btcusdt_perp.a,1min,1779595500,108313.00967158627,108356.72572273253,108296.7761445086,108327.43858039178,324.7632296492933,108.90726233170025,215.85596731759304
binance:btcusdt_perp.a,1min,1779595560,108327.43858039178,108338.21089606907,108312.15946978981,108322.31818647083,286.92044335371696,87.77819871974373,199.14224463397323
binance:btcusdt_perp.a,1min,1779595620,108322.31818647083,108344.5840398841,108284.88658053198,108312.59195089336,329.4552571732241,120.21482199437759,209.2404351788465
binance:btcusdt_perp.a,1min,1779595680,108312.59195089336,108351.8658078095,108273.75608879798,108339.87872213707,237.5218796355428,76.14489201598778,161.37698761955502
binance:btcusdt_perp.a,1min,1779595740,108339.87872213707,108363.03850524437,108335.95569073482,108345.15999902894,266.2748391826921,40.26001194763967,226.01482723505245
binance:btcusdt_perp.a,1min,1779595800,108345.15999902894,108403.5480559722,108331.1291089219,108366.38012940082,304.1576594015417,57.47907354155254,246.67858585998917
binance:btcusdt_perp.a,1min,1779595860,108366.38012940082,108396.12507643946,108337.00789993162,108358.62251731318,419.1718433544809,80.59794823115692,338.573895123324
binance:btcusdt_perp.a,1min,1779595920,108358.62251731318,108402.88165330923,108328.66473721575,108379.90751917966,244.22738741360428,50.80287000957877,193.4245174040255
binance:btcusdt_perp.a,1min,1779595980,108379.90751917966,108394.50254606917,108351.28670383384,108380.86311721762,332.0199204462691,78.8629356381838,253.15698480808533
binance:btcusdt_perp.a,1min,1779596040,108380.86311721762,108447.79028462565,108362.61256411612,108411.29683661328,309.8441854747343,48.534515362420805,261.3096701123135
binance:btcusdt_perp.a,1min,1779596100,108411.29683661328,108430.2183045295,108373.09613352192,108414.21579902069,309.09585202743705,53.909459459136826,255.18639256830022
binance:btcusdt_perp.a,1min,1779596160,108414.21579902069,108438.22038841709,108412.35682496935,108437.92654251504,343.6670924175819,63.88645083775974,279.78064157982215
binance:btcusdt_perp.a,1min,1779596220,108437.92654251504,108453.12042808556,108416.15887962354,108444.38438911874,440.2807528321074,100.33195468567398,339.94879814643343
binance:btcusdt_perp.a,1min,1779596280,108444.38438911874,108466.72009828506,108426.33011763744,108449.11063738611,109.66416886399858,20.99704053438453,88.66712832961406
binance:btcusdt_perp.a,1min,1779596340,108449.11063738611,108471.96425595012,108433.72480630918,108465.72044922183,187.40282942132623,21.94538140008072,165.4574480212455
binance:btcusdt_perp.a,1min,1779596400,108465.72044922183,108468.94802407212,108437.57774483826,108467.792045622,340.3084055946946,54.59166495658367,285.71674063811093
binance:btcusdt_perp.a,1min,1779596460,108467.792045622,108479.82785936198,108389.63559715546,108423.96461649648,57.7604575417142,9.041522559987222,48.71893498172698
binance:btcusdt_perp.a,1min,1779596520,108423.96461649648,108454.01031951232,108388.01641039917,108403.26527087773,312.3163216588489,67.03597475267847,245.28034690617042
binance:btcusdt_perp.a,1min,1779596580,108403.26527087773,108456.54323973448,108377.5048271815,108436.57265917124,161.19556166980513,41.40533657597581,119.79022509382932
binance:btcusdt_perp.a,1min,1779596640,108436.57265917124,108452.96511753037,108401.07563018483,108422.85315223633,154.96925237281204,31.80743724948627,123.16181512332577
binance:btcusdt_perp.a,1min,1779596700,108422.85315223633,108464.88090357097,108416.74212787813,108439.951565336,270.09525645362726,106.26599177064122,163.82926468298604
binance:btcusdt_perp.a,1min,1779596760,108439.951565336,108451.20390519782,108374.7811225441,108405.54655858492,301.60763473578294,115.29756560387995,186.310069131903
binance:btcusdt_perp.a,1min,1779596820,108405.54655858492,108464.81732155944,108376.96767848058,108438.13179377439,496.85964217746607,176.16043569218905,320.69920648527705
binance:btcusdt_perp.a,1min,1779596880,108438.13179377439,108464.40975775686,108396.21098956635,108422.60089986023,237.86276864430334,75.24670243902,162.61606620528335
binance:btcusdt_perp.a,1min,1779596940,108422.60089986023,108487.99568808968,108407.92375367426,108462.7272533858,353.27442418236785,135.53663007907338,217.73779410329448
binance:btcusdt_perp.a,1min,1779597000,108462.7272533858,108490.34998210495,108447.36337243162,108456.4445497493,308.2101763133738,159.5940103639261,148.6161659494477
binance:btcusdt_perp.a,1min,1779597060,108456.4445497493,108481.06500496386,108439.51560255358,108462.82712600169,247.17280213239127,99.22001665989873,147.95278547249254
binance:btcusdt_perp.a,1min,1779597120,108462.82712600169,108493.99024041244,108449.07485545771,108453.74276442562,348.9600040329707,142.44204611099303,206.51795792197765
binance:btcusdt_perp.a,1min,1779597180,108453.74276442562,108468.70179191715,108418.45645375713,108457.97167101916,379.6507968137498,191.12792856020656,188.52286825354327
binance:btcusdt_perp.a,1min,1779597240,108457.97167101916,108488.26288172982,108401.83233112037,108427.88088199672,151.57830022939459,69.68491305285019,81.8933871765444
binance:btcusdt_perp.a,1min,1779597300,108427.88088199672,108458.91260616256,108404.10826832724,108431.35185342432,303.2985133477904,171.44103976262335,131.85747358516704
binance:btcusdt_perp.a,1min,1779597360,108431.35185342432,108456.73885938448,108412.5262389727,108450.06830984665,266.8279177964839,103.4106528249489,163.41726497153502
binance:btcusdt_perp.a,1min,1779597420,108450.06830984665,108484.55588757076,108437.01990020575,108448.15422160985,306.9120750951898,139.22624669324625,167.68582840194352
binance:btcusdt_perp.a,1min,1779597480,108448.15422160985,108484.92815795155,108415.6233740867,108432.19779588559,316.97699912085,130.64033939616053,186.33665972468947
binance:btcusdt_perp.a,1min,1779597540,108432.19779588559,108489.63632665138,108412.02279431208,108461.60980218831,326.0437207999916,148.49968017693118,177.54404062306043
binance:btcusdt_perp.a,1min,1779597600,108461.60980218831,108497.30333889778,108441.6504973388,108478.54318665274,240.66755080276124,125.26979113428423,115.39775966847701
binance:btcusdt_perp.a,1min,1779597660,108478.54318665274,108511.01724883704,108450.0257052387,108486.458180336,279.2964248411543,167.8526380736157,111.44378676753858
binance:btcusdt_perp.a,1min,1779597720,108486.458180336,108530.7554987501,108467.7780741375,108474.09876997319,380.87498588503877,253.86448358063922,127.01050230439957
binance:btcusdt_perp.a,1min,1779597780,108474.09876997319,108518.39150607875,108421.75996749339,108453.71487032284,357.6911205458329,214.5082429305286,143.1828776153043
binance:btcusdt_perp.a,1min,1779597840,108453.71487032284,108473.62078205244,108418.63597851543,108444.54128447863,392.0949020027117,243.7482775913686,148.3466244113431
binance:btcusdt_perp.a,1min,1779597900,108444.54128447863,108474.78555510248,108391.44851590213,108422.66002336607,332.3727622758229,221.80858998393384,110.56417229188904
binance:btcusdt_perp.a,1min,1779597960,108422.66002336607,108435.37013169477,108398.78519756174,108412.10326325533,149.16294012337136,96.60756274072182,52.55537738264954
binance:btcusdt_perp.a,1min,1779598020,108412.10326325533,108429.70338621002,108397.16740947055,108404.72359771401,180.21460242446648,128.02892985753442,52.18567256693204
binance:btcusdt_perp.a,1min,1779598080,108404.72359771401,108430.32951449057,108378.59955901999,108386.69270472023,395.09643858873847,254.07741899405457,141.0190195946839
binance:btcusdt_perp.a,1min,1779598140,108386.69270472023,108431.95050263905,108348.49910680398,108385.66350780988,255.47475029703537,159.2672080903125,96.20754220672286
binance:btcusdt_perp.a,1min,1779598200,108385.66350780988,108412.76249029464,108352.43168683816,108373.37944549565,248.38046839972228,187.03513920076716,61.3453291989551
binance:btcusdt_perp.a,1min,1779598260,108373.37944549565,108418.37533642602,108341.8258549676,108364.73328060511,422.82547153797816,292.19032470768,130.63514683029814
binance:btcusdt_perp.a,1min,1779598320,108364.73328060511,108390.07234405044,108351.27087283098,108375.31845456561,316.776476401199,231.92190969680445,84.85456670439451
binance:btcusdt_perp.a,1min,1779598380,108375.31845456561,108384.45452121478,108360.74841576349,108369.14583210059,165.82908782510071,94.2817949511286,71.54729287397211
binance:btcusdt_perp.a,1min,1779598440,108369.14583210059,108402.39627131767,108342.21316036012,108364.07900249086,99.16681941297182,65.7976885308474,33.36913088212442
binance:btcusdt_perp.a,1min,1779598500,108364.07900249086,108407.03898999312,108346.55108255541,108353.97970342622,248.74579179206435,193.07707573625163,55.66871605581271
binance:btcusdt_perp.a,1min,1779598560,108353.97970342622,108382.4213191899,108330.83385905597,108354.78818845474,306.3954830925812,219.9835325378943,86.41195055468687
binance:btcusdt_perp.a,1min,1779598620,108354.78818845474,108385.56877424382,108324.54343069339,108332.81340052454,306.2694378265231,207.6783182138696,98.59111961265347
binance:btcusdt_perp.a,1min,1779598680,108332.81340052454,108354.58654777128,108298.43802611655,108314.2126245899,194.26389385106046,124.4875126548565,69.77638119620396
binance:btcusdt_perp.a,1min,1779598740,108314.2126245899,108339.44059923083,108276.240292466,108286.73943752448,336.9581618392841,196.94331259013563,140.01484924914848
binance:btcusdt_perp.a,1min,1779598800,108286.73943752448,108302.49340344232,108233.60907346706,108268.8605407558,306.42319564932734,194.48836922698726,111.93482642234008
binance:btcusdt_perp.a,1min,1779598860,108268.8605407558,108271.0055842784,108247.29187665222,108270.0775077517,439.80113422438103,284.19018171220955,155.61095251217148
binance:btcusdt_perp.a,1min,1779598920,108270.0775077517,108297.55879154813,108232.51941165049,108263.47546408363,120.20266456881123,63.34508161473271,56.85758295407852
binance:btcusdt_perp.a,1min,1779598980,108263.47546408363,108278.32669846466,108224.26145536233,108259.38170798453,254.7860488091821,127.51637348274824,127.26967532643386
binance:btcusdt_perp.a,1min,1779599040,108259.38170798453,108264.87846818083,108208.97524356586,108228.63398819303,264.9292698188493,153.3294878215075,111.59978199734182
binance:btcusdt_perp.a,1min,1779599100,108228.63398819303,108274.0811754145,108208.3378724266,108240.09597704934,109.22450660185152,68.60045170599997,40.62405489585154
binance:btcusdt_perp.a,1min,1779599160,108240.09597704934,108267.20432767933,108208.28117955626,108242.11041197776,186.8137522831168,130.32356701434583,56.49018526877096
binance:btcusdt_perp.a,1min,1779599220,108242.11041197776,108271.60264124977,108211.71810494516,108216.84462800102,205.57882501839595,134.34328754117115,71.2355374772248
binance:btcusdt_perp.a,1min,1779599280,108216.84462800102,108247.24385405236,108179.7789556474,108204.1485095346,271.6033475199862,170.90356340528712,100.69978411469909
binance:btcusdt_perp.a,1min,1779599340,108204.1485095346,108208.34112845897,108177.92749562289,108191.89509470337,324.09533829613554,180.0836370276401,144.01170126849544
binance:btcusdt_perp.a,1min,1779599400,108191.89509470337,108206.65166950929,108139.52826414711,108155.7110506551,250.762432470862,108.73368671903921,142.02874575182278
binance:btcusdt_perp.a,1min,1779599460,108155.7110506551,108170.4249458025,108106.73477666848,108136.45010926611,344.7297048792195,169.44586368496476,175.28384119425476
binance:btcusdt_perp.a,1min,1779599520,108136.45010926611,108159.8493523865,108107.64575623513,108121.48000516057,188.25343342660472,80.56862102395667,107.68481240264805
binance:btcusdt_perp.a,1min,1779599580,108121.48000516057,108131.84526716264,108078.5663510356,108102.18694662623,338.3772539026967,126.35260455581471,212.02464934688197
binance:btcusdt_perp.a,1min,1779599640,108102.18694662623,108121.98758867357,108069.41475382145,108094.82984067682,278.96489855171296,102.07801557489687,176.88688297681608
binance:btcusdt_perp.a,1min,1779599700,108094.82984067682,108117.12407643266,108032.07656011984,108064.36436931729,102.86501031655976,47.1906909824779,55.67431933408186
binance:btcusdt_perp.a,1min,1779599760,108064.36436931729,108098.58167598369,108036.86234435702,108078.11193474576,223.75447352817582,93.1392072291876,130.61526629898822
binance:btcusdt_perp.a,1min,1779599820,108078.11193474576,108079.55536782995,108009.9288126015,108041.35647061375,201.20040578204464,76.88222158628747,124.31818419575717
binance:btcusdt_perp.a,1min,1779599880,108041.35647061375,108049.25677358292,107988.65614220852,108008.91776520757,221.6338244691483,92.84383413832946,128.78999033081885
binance:btcusdt_perp.a,1min,1779599940,108008.91776520757,108034.89502762325,107984.53175729829,108009.68653116,406.2214563945509,129.913051937717,276.3084044568339
binance:btcusdt_perp.a,1min,1779600000,108009.68653116,108043.0134293652,107966.79060748761,108001.436005581,166.25890805243415,58.80873257782305,107.4501754746111
binance:btcusdt_perp.a,1min,1779600060,108001.436005581,108045.82576735852,107977.4833752662,108018.74497630652,262.58522452522743,89.0372474735664,173.54797705166104
binance:btcusdt_perp.a,1min,1779600120,108018.74497630652,108038.22123505668,107995.35508825508,108016.92930204463,286.287896489203,89.38205453670754,196.90584195249545
binance:btcusdt_perp.a,1min,1779600180,108016.92930204463,108070.78898369969,108012.6991684379,108019.64653721554,305.9210019351984,91.55768209843401,214.36331983676436
binance:btcusdt_perp.a,1min,1779600240,108019.64653721554,108045.7955390884,107990.02798947511,108023.32996435513,374.04052612070234,130.8113659077555,243.22916021294685
binance:btcusdt_perp.a,1min,1779600300,108023.32996435513,108038.59989706521,107985.42544137596,108037.15691812732,310.0049721513872,123.21766113755291,186.7873110138343
binance:btcusdt_perp.a,1min,1779600360,108037.15691812732,108050.84921931128,107985.35796988374,108008.8173528252,278.63696885300294,96.34816088507202,182.28880796793092
binance:btcusdt_perp.a,1min,1779600420,108008.8173528252,108026.48094538644,107977.07916210801,108022.13314853948,280.66255279663415,88.124418473269,192.53813432336514
binance:btcusdt_perp.a,1min,1779600480,108022.13314853948,108049.16363522325,107987.4907576485,107989.6318361588,331.871520899097,78.16808544251151,253.70343545658548
binance:btcusdt_perp.a,1min,1779600540,107989.6318361588,108010.44014778553,107951.06937730637,107984.7647587793,265.7075864788888,75.38377295996938,190.32381351891942
binance:btcusdt_perp.a,1min,1779600600,107984.7647587793,108019.49358646685,107942.65297367513,107970.01594336693,249.1496014781471,77.96082391742294,171.18877756072416
binance:btcusdt_perp.a,1min,1779600660,107970.01594336693,107995.90068537545,107931.98147916714,107936.38332209019,340.14371726683646,114.96054110114372,225.18317616569274
binance:btcusdt_perp.a,1min,1779600720,107936.38332209019,107985.13711544743,107915.40994300059,107974.13847098468,423.863016073845,172.21932703513863,251.64368903870638
binance:btcusdt_perp.a,1min,1779600780,107974.13847098468,107998.3781452684,107934.5967718234,107956.61676538756,302.5564693915326,90.41456149806933,212.14190789346324
binance:btcusdt_perp.a,1min,1779600840,107956.61676538756,107962.6362416348,107926.89433375817,107950.24556827685,316.0016538737466,105.65728674986195,210.34436712388464
binance:btcusdt_perp.a,1min,1779600900,107950.24556827685,107982.13088690536,107890.99850596851,107916.64375634844,221.91879218392185,75.37848414735963,146.54030803656224
binance:btcusdt_perp.a,1min,1779600960,107916.64375634844,107928.38965507066,107868.71723721792,107885.33912375435,378.27366498241213,124.00528923729814,254.26837574511399
binance:btcusdt_perp.a,1min,1779601020,107885.33912375435,107909.43101145544,107860.85964814584,107892.81417348406,268.68835982849583,115.36507910836889,153.32328072012695
binance:btcusdt_perp.a,1min,1779601080,107892.81417348406,107899.08889098404,107871.20721450924,107879.3877241956,237.4498004845794,74.52223996150474,162.92756052307467
binance:btcusdt_perp.a,1min,1779601140,107879.3877241956,107900.56781079259,107833.64165869534,107883.22549244117,140.98283238902945,58.32904544842148,82.65378694060797
binance:btcusdt_perp.a,1min,1779601200,107883.22549244117,107900.29147903735,107836.22041495157,107859.63460968497,93.97029001005706,40.337900129042374,53.63238988101468
binance:btcusdt_perp.a,1min,1779601260,107859.63460968497,107908.32734547801,107835.03653111692,107890.8617284617,361.993735450032,151.84051744386022,210.15321800617176
binance:btcusdt_perp.a,1min,1779601320,107890.8617284617,107891.61909249892,107849.23569340204,107877.64560059599,270.9465272216882,103.8692582249941,167.0772689966941
binance:btcusdt_perp.a,1min,1779601380,107877.64560059599,107893.80879702793,107860.7196478523,107877.43538654114,328.5032924886967,124.53602466562084,203.96726782307582
binance:btcusdt_perp.a,1min,1779601440,107877.43538654114,107902.09430920161,107862.0624006247,107894.07117083279,433.8356955253262,235.42830379161316,198.407391733713
binance:btcusdt_perp.a,1min,1779601500,107894.07117083279,107906.66586867778,107877.18076498019,107893.88804191319,285.8620251668557,140.9599319821135,144.9020931847422
binance:btcusdt_perp.a,1min,1779601560,107893.88804191319,107915.57971677235,107870.7344797934,107890.59072869635,164.64170114879897,78.33092135698193,86.31077979181704
binance:btcusdt_perp.a,1min,1779601620,107890.59072869635,107913.989465719,107870.48628381174,107905.67280869451,214.4196856983325,113.48914411016953,100.93054158816297
binance:btcusdt_perp.a,1min,1779601680,107905.67280869451,107942.44674534425,107870.51267191724,107897.57850345914,175.05574673782309,101.27649088472968,73.7792558530934
binance:btcusdt_perp.a,1min,1779601740,107897.57850345914,107913.80853974537,107857.68131838596,107882.81950858704,240.66020642158924,146.12428457562305,94.53592184596617
binance:btcusdt_perp.a,1min,1779601800,107882.81950858704,107898.63004306113,107852.91146123648,107868.347752301,234.74890013159688,148.93950288290068,85.8093972486962
binance:btcusdt_perp.a,1min,1779601860,107868.347752301,107918.52031290998,107823.671310262,107879.42087336986,197.54263744541282,115.97192315962084,81.57071428579198
binance:btcusdt_perp.a,1min,1779601920,107879.42087336986,107893.64481409237,107842.59055625687,107858.2897311543,195.42761006893807,104.23843581378004,91.18917425515802
binance:btcusdt_perp.a,1min,1779601980,107858.2897311543,107868.12254697044,107825.59743032763,107856.018699919,206.57971700659886,160.70430830147342,45.875408705125444
binance:btcusdt_perp.a,1min,1779602040,107856.018699919,107878.73887633818,107839.45848743457,107848.50507558991,416.48734065021114,286.7417592845212,129.74558136568993
binance:btcusdt_perp.a,1min,1779602100,107848.50507558991,107863.27726014271,107824.39840681267,107854.7452856305,190.2855163186196,137.00515414328927,53.28036217533034
binance:btcusdt_perp.a,1min,1779602160,107854.7452856305,107893.44419175103,107852.38152899803,107870.48980136614,201.32672170727756,137.58263114372306,63.744090563554494
binance:btcusdt_perp.a,1min,1779602220,107870.48980136614,107926.87419900914,107864.40993138855,107893.78250089422,304.12418454503234,216.45405066829773,87.67013387673462
binance:btcusdt_perp.a,1min,1779602280,107893.78250089422,107915.70345574048,107840.93474926404,107865.67317324712,255.93883321226122,140.0259688897194,115.91286432254182
binance:btcusdt_perp.a,1min,1779602340,107865.67317324712,107884.40011894457,107841.30974324039,107861.8290191949,234.92228596599443,149.8305981978914,85.09168776810303
